{"cameraMode":{"drawMode":0,"name":"Shaded","section":"Shading Mode"},"sceneLighting":true,"audioPlay":false,"sceneViewState":{"m_AlwaysRefresh":true,"showFog":true,"showSkybox":true,"showFlares":true,"showImageEffects":true,"showParticleSystems":true,"showVisualEffectGraphs":true,"m_FxEnabled":true},"in2DMode":false,"pivot":{"x":2.8471288681030275,"y":7.852809906005859,"z":1.3701987266540528},"rotation":{"x":0.33790454268455508,"y":-0.2830324172973633,"z":0.10729023814201355,"w":0.8912134766578674},"size":20.629812240600587,"orthographic":true}