{"cameraMode":{"drawMode":0,"name":"Shaded","section":"Shading Mode"},"sceneLighting":true,"audioPlay":false,"sceneViewState":{"m_AlwaysRefresh":true,"showFog":true,"showSkybox":true,"showFlares":true,"showImageEffects":true,"showParticleSystems":true,"showVisualEffectGraphs":true,"m_FxEnabled":true},"in2DMode":false,"pivot":{"x":5.09954833984375,"y":7.949865341186523,"z":-1.3117833137512208},"rotation":{"x":0.31066885590553286,"y":0.0071225157007575039,"z":-0.002352892654016614,"w":0.9505144357681274},"size":15.115509033203125,"orthographic":true}